case_id,success,翼根弦长,翼中弦长,翼尖弦长,翼根扭转角,翼中扭转角,翼尖扭转角,T_N,P_kW,eta_%,CT,CP,J
12,True,307.787182237276,303.4139670659852,229.8241780863036,32.22097069617182,15.18046989938158,-8.670262056945429,-29071.884091063355,-2208.2149199587566,100.0,-0.16078246831801024,-0.2422214643659118,1.53116880538029
999,True,462.8966590852982,257.95372597103784,229.19964786134105,46.87104456043579,19.061508930155604,-9.45506554241692,-28737.648392519975,-2206.1372990347627,100.0,-0.15893397303495707,-0.24199356789711315,1.53116880538029
998,True,438.29012611856285,309.087435835516,228.6943923495046,38.41117731615897,10.03190415496,4.000628415121678,-30823.935193974987,-2371.0005400587415,100.0,-0.170472211853828,-0.26007759373173805,1.53116880538029
997,True,302.916944978908,293.6490338177376,239.95602548541177,35.676651244204706,19.29118619521788,1.4610967809114896,-29009.702874919432,-2201.340683937939,100.0,-0.1604385742180159,-0.24146742203954688,1.53116880538029
3,True,364.5257629119484,347.5243753907066,242.62902047019497,46.69307844013129,17.778600414240472,4.218386533808829,-32381.659560140506,-2484.604897136308,100.0,-0.1790872286090781,-0.27253897757665385,1.53116880538029
962,True,342.78495325325207,296.18164353063946,226.9968418557568,39.92583004902262,11.51380725088646,0.3098350634082916,-29030.45554922043,-2209.6019856324224,100.0,-0.16055334717830505,-0.24237361308821698,1.53116880538029
963,True,379.0105505177284,328.9246910075496,244.5025001576284,37.53950175610835,16.575212407960677,-2.8951961259125323,-31771.390011965563,-2436.1734462244194,100.0,-0.17571212419590918,-0.2672264797508252,1.53116880538029
951,True,422.68900704910527,318.99693612679044,241.43495500231165,36.46488112594123,20.33977276418489,-3.361069306828908,-31677.938437832578,-2436.1476573731143,100.0,-0.17519528893644543,-0.26722365094404965,1.53116880538029
955,True,323.9539449356736,313.2117154093842,274.3395656879086,36.00011886885343,12.974041092877911,2.1304068354287384,-31718.73466629313,-2420.52683750935,100.0,-0.17542091305799898,-0.26551018644935825,1.53116880538029
942,True,388.9966027623893,306.357251741986,251.59386017171323,37.29571695546738,14.459230836965244,4.966397821556082,-31154.78506026702,-2386.1502632496904,100.0,-0.17230198174347436,-0.2617393831268203,1.53116880538029
948,True,373.1807176361588,344.7337050510067,239.01976033623237,40.5826592461883,23.84150700368484,3.375248559956656,-32192.39216182944,-2470.8427657649063,100.0,-0.17804048257166064,-0.2710293946173832,1.53116880538029
937,True,468.9032649079851,266.3017177159184,252.8037190902864,47.118706642160525,22.609910962114085,-2.263322189854275,-30254.472852052186,-2327.21442324017,100.0,-0.16732279227504507,-0.2552746475878504,1.53116880538029
62,True,440.58924346094005,310.4416267202353,226.81320906629705,40.65283238542359,18.731876093248697,-2.937129304576149,-30828.676082730406,-2372.131113587636,100.0,-0.17049843140649718,-0.260201607555423,1.53116880538029
63,True,354.7535056483248,312.58543777553416,226.78325402896203,46.74854915689271,17.842765417451183,-5.407044862372944,-29929.746381091296,-2284.468055274459,100.0,-0.16552688791034179,-0.2505857526114628,1.53116880538029
56,True,328.8394239797975,316.2973962147394,235.67079231829587,36.16731446270847,11.476471076492002,1.0897013374612428,-30191.29857249594,-2301.086881095583,100.0,-0.16697340602372923,-0.2524086894506496,1.53116880538029
58,True,410.153948435394,306.54071108810984,231.53429436974108,30.51665097394442,24.28127677559131,-2.872149882377033,-30510.0814877049,-2339.807567543411,100.0,-0.1687364394688393,-0.25665600310108966,1.53116880538029
60,True,428.9605449160025,309.14584971594513,303.0009714995276,42.87528428638693,20.15780740899583,-1.01035358088199,-34043.149349933024,-2623.8635904158646,100.0,-0.1882761215150639,-0.2878144130910954,1.53116880538029
46,True,388.5590909826108,315.57988384973174,244.21459990412177,33.750430782037675,12.205771060046946,-9.07373172055686,-31248.974476749754,-2394.817038470499,100.0,-0.17282289765054426,-0.2626900510017361,1.53116880538029
48,True,316.7103150496654,316.0435461108416,271.8432003125156,30.33554561154689,17.622675660407502,3.764249383548108,-31651.54970312681,-2414.47550026532,100.0,-0.17504934566395255,-0.2648464087729316,1.53116880538029
37,True,396.2446727662444,305.76301368053663,291.31749565834383,33.78219656230754,14.790139368394552,-5.662813083981998,-32987.603746989815,-2532.769661870513,100.0,-0.18243841154993642,-0.27782222230945225,1.53116880538029
44,True,417.848855592749,293.7044717813381,216.16821825367632,32.19055492365159,21.22367707072771,4.28131964380475,-29310.752071933002,-2245.7986320041014,100.0,-0.16210353108250328,-0.24634406207397372,1.53116880538029
926,True,387.0652712521827,381.4735672646498,216.7085990033281,31.479718528750897,21.314570677689595,-3.792464591770497,-33058.889100768894,-2548.8250741498473,100.0,-0.18283265621256722,-0.2795833577126001,1.53116880538029
930,True,360.5168738885176,298.39902390990096,261.6751114171673,36.097806068240914,23.18947894254775,2.163757970750627,-30898.904876338336,-2359.6881787243997,100.0,-0.17088683274807895,-0.2588367286768585,1.53116880538029
6,True,439.1985776998196,300.5700577999445,258.9385513754106,32.18283970551257,19.614244014719443,4.276109985267363,-31792.625224003463,-2446.06090187266,100.0,-0.1758295658380131,-0.26831104537182665,1.53116880538029
909,True,366.637858873259,300.6052621956405,297.7969628452764,49.03797746118569,18.93187097821196,3.2038780750064006,-32688.885940437853,-2503.172269011171,100.0,-0.18078634847354536,-0.27457565252360144,1.53116880538029
910,True,497.73713854342935,261.2786435646357,236.604020952052,40.23431571081348,10.61564227686801,-5.643831637266849,-29614.66776015179,-2283.614398212726,100.0,-0.16378434111735768,-0.25049211405224,1.53116880538029
913,True,476.927858041189,258.6936339322543,250.5291609485817,34.255487959454896,19.900207088726155,-9.159284984411912,-29887.044602343085,-2299.3782680538793,100.0,-0.16529072511582868,-0.2522212698524685,1.53116880538029
300,True,356.1139814353264,338.9686525406382,286.40661151237146,39.8129019191832,11.340401731352546,-2.4914070112605344,-33841.09299139849,-2597.810020187617,100.0,-0.1871586459512934,-0.2849565690127825,1.53116880538029
384,True,341.414391714929,278.5436872271923,268.1552352025409,44.83705949947744,22.512109701822204,4.8698353198714734,-30032.609219654172,-2285.911167268902,100.0,-0.16609577230154712,-0.25074404911484144,1.53116880538029
373,True,300.1374809862442,275.2279352001572,213.6009903147235,39.05913488957678,24.848548562880808,-8.867476969007615,-26929.05776134466,-2036.2476479268637,100.0,-0.14893153683418178,-0.2233581897461777,1.53116880538029
378,True,349.6496233902405,254.65124878727443,241.04177393512188,34.712868185212635,24.32140049960656,0.5111031819395588,-27796.651190235665,-2109.1854685632916,100.0,-0.15372977462835563,-0.23135881756665438,1.53116880538029
366,True,434.3771735594338,290.5515219684173,275.78344085061065,38.860777085429305,24.969668059783523,4.751916384431153,-32024.185895432798,-2462.0169123364285,100.0,-0.17711021542374908,-0.2700612772831499,1.53116880538029
367,True,415.3342485930172,287.30076604241594,237.57492621818477,44.80711172398837,21.684720688820263,-0.2395475008400787,-29942.853655234205,-2293.5878605280936,100.0,-0.16559937787635215,-0.2515861138368587,1.53116880538029
358,True,487.4559261404808,286.41438791457347,215.5934762028685,43.73573000976111,18.68380764043885,-2.313890577909529,-29730.601805720056,-2293.9012963826463,100.0,-0.16442551600475647,-0.25162049495211525,1.53116880538029
314,True,367.6926137371928,343.83552796072627,248.6322571788469,34.26725471348273,19.00959804568051,1.8112401451788376,-32516.604653046295,-2495.267518497931,100.0,-0.1798335443640816,-0.2737085719566429,1.53116880538029
316,True,340.5423261169619,325.39439944552936,268.6714232718682,44.57901934862743,11.41794948226769,0.3048353771284517,-32232.46357994352,-2465.3610241849683,100.0,-0.17826209811928745,-0.27042809650062527,1.53116880538029
301,True,471.628168299232,269.4814477943543,226.3951414261105,34.21002332438623,16.717979796181645,-7.204626600629921,-29249.378614831578,-2249.768228404916,100.0,-0.16176410430537844,-0.24677949136324095,1.53116880538029
303,True,455.2081993142331,275.52295621334326,216.73817866414376,38.98050635765301,18.23653764799759,-1.4212490906167154,-28913.20682943253,-2220.5592699719177,100.0,-0.15990490146644215,-0.243575529366473,1.53116880538029
306,True,356.4608922919965,288.7375331428972,252.77954092378891,49.053655264717776,20.294294338806843,-7.990836189562229,-30001.164508477937,-2287.0563119250337,100.0,-0.16592186687929703,-0.2508696612611103,1.53116880538029
294,True,432.7796573751618,312.3780327776814,260.3919826241955,39.01140163419221,24.586591809668853,4.7499744150399295,-32333.86880140072,-2489.0699510148083,100.0,-0.178822921138365,-0.27302875412835986,1.53116880538029
295,True,414.25252798575536,342.95292446834515,274.44372066576955,46.31016401861253,14.769122439287306,-1.6282523094430204,-34169.96127423868,-2635.3804858901353,100.0,-0.18897745666548466,-0.2890777137152842,1.53116880538029
298,True,410.687349252356,351.3617728644116,231.09099565639917,36.6520477432615,23.19681727972865,2.9031376073147417,-32580.262229603,-2510.1646910738937,100.0,-0.18018560349633014,-0.2753426588037369,1.53116880538029
390,True,391.84384487695627,370.5208152294471,258.23316365108707,33.76150223856983,19.796664611759773,4.321894454462557,-34464.83406276201,-2658.8513976792046,100.0,-0.1906082548149988,-0.2916522632177655,1.53116880538029
391,True,356.40819576054525,310.2504350302542,262.6796215079153,30.41395879896727,24.33236397499521,2.3660255227698954,-31448.181329812665,-2403.9021562632042,100.0,-0.17392461398378883,-0.26368660732231697,1.53116880538029
395,True,303.5415338156573,303.5304374716492,230.9607855181815,44.91252799384003,13.047917386553609,4.336573316262903,-29076.42144786244,-2207.9459857450265,100.0,-0.16080756223430104,-0.24219196468339493,1.53116880538029
319,True,393.7196818778612,317.7899440890882,271.6933961594866,37.439505273697165,17.695645326493786,-9.035168787672475,-32641.310739548957,-2506.19388679847,100.0,-0.18052323314859148,-0.2749070970214075,1.53116880538029
324,True,370.8547984832908,274.2748865179332,223.91782517276965,33.92433941594973,16.015955149652907,3.561294184559607,-28201.53934467751,-2146.970856012139,100.0,-0.15596901432331214,-0.23550353726615905,1.53116880538029
309,True,337.8382922983003,250.44991353542704,238.15336072351036,34.75199102925693,22.82843062217386,-9.381038808389208,-27327.52871952611,-2070.1722345926214,100.0,-0.15113528613397864,-0.22707941406447982,1.53116880538029
446,True,407.5178271927799,356.78093081144226,211.2835413838532,38.71258293546819,18.57062332620301,-4.799245815535561,-31908.171510291122,-2457.815470746264,100.0,-0.17646859621719724,-0.26960041664625295,1.53116880538029
444,True,324.1392649387867,281.2527035146103,249.91981651028712,31.69374795715325,24.52088545590556,-5.355752633447466,-29134.190781185487,-2212.7576597863026,100.0,-0.16112705635362506,-0.24271976237273898,1.53116880538029
435,True,441.9416004466707,256.3325265681464,246.24300870805743,36.75872536425147,23.674456923024195,-4.226041770723701,-29188.901872340204,-2236.2785008411583,100.0,-0.16142963682115422,-0.24529978866996707,1.53116880538029
419,True,413.6415947433037,329.37264310376423,274.61600744713394,39.197566829707256,13.112456627226566,-4.066646932461478,-33540.60902292296,-2583.172718157324,100.0,-0.18549681509127228,-0.28335098764472894,1.53116880538029
408,True,381.1345245765779,324.4964385302062,255.4379469227596,38.17387519129143,23.918062551726884,0.9922302141059748,-32079.313686617395,-2460.205781309029,100.0,-0.17741510045671824,-0.26986261237709835,1.53116880538029
397,True,443.23307047139184,251.5322748889534,211.1597166176947,36.628141816529634,20.47595110673821,2.817458339015534,-27403.75501154103,-2097.1301183609116,100.0,-0.15155685672577443,-0.23003645326548441,1.53116880538029
399,True,455.40891168415726,304.33849200704503,290.40548388926754,43.01586272724303,14.098065930036825,-5.6224209003656505,-33557.78751049561,-2590.145756136088,100.0,-0.1855918209610415,-0.2841158676638925,1.53116880538029
105,True,341.7304008598637,265.9703407871032,247.26983783316584,36.24205105452292,10.71011451496913,-7.676608886253194,-28512.41275940895,-2165.0966872981544,100.0,-0.15768830416357174,-0.23749177915206665,1.53116880538029
757,True,435.0801005826313,339.7359461152244,249.2732249605101,48.83079608373707,11.886042051326996,-3.248009144304663,-33133.27306449551,-2557.0520462870095,100.0,-0.18324403778156978,-0.2804857831152861,1.53116880538029
759,True,469.78198060890713,274.80009713045666,232.62166797280656,30.153676457277264,13.170619092741653,3.311776067283249,-29756.520426932722,-2289.630868913805,100.0,-0.16456885930789153,-0.2511520671801526,1.53116880538029
761,True,355.1944940783578,343.0488341662465,305.01147860171227,43.29622998698029,22.64991882632052,-9.544369867608204,-34848.92104219622,-2678.9673273330172,100.0,-0.19273245331581848,-0.2938588011293557,1.53116880538029
763,True,416.85773236822297,317.05532579434936,222.9178113615307,49.83651845379151,18.029522051510888,-0.8837531005647019,-30690.702677147703,-2357.123886267326,100.0,-0.16973536752517657,-0.25855544868531377,1.53116880538029
752,True,305.9947961255058,251.06180557999645,228.65096528582205,32.85342145772928,16.470030211202747,2.762622383889584,-26541.954667116872,-2004.1696806638658,100.0,-0.1467906576676122,-0.21983952309190552,1.53116880538029
756,True,330.072138854747,310.3558410779878,275.2850096559479,45.62943783865755,24.09608213467898,-0.2870997042147785,-31701.48243000004,-2419.7483540022604,100.0,-0.17532549931988278,-0.2654247937580185,1.53116880538029
744,True,349.09891658428086,326.74266820139746,244.76545994910165,36.39141650303112,24.73589403559466,1.9660236812103309,-31327.967736300983,-2395.446271230434,100.0,-0.17325977099564113,-0.2627590722184487,1.53116880538029
117,True,454.91327899766463,322.3661671414048,210.20238136360925,34.68759877100678,13.186888263755964,-4.359145860825363,-30799.98646162329,-2375.456043524327,100.0,-0.170339763049047,-0.2605663226884022,1.53116880538029
119,True,357.5747168831292,357.01391990401373,290.1090729399267,30.845974688305084,23.048830707221725,-4.886916640170311,-34860.49669513907,-2682.053912766002,100.0,-0.19279647262900484,-0.29419737199793855,1.53116880538029
120,True,307.28064843365297,303.6540037157233,247.38566331147445,41.073371863531904,23.435557899574416,-0.8267943215647389,-29863.695275743878,-2270.281555341755,100.0,-0.16516159133308433,-0.2490296202092822,1.53116880538029
121,True,432.5948196760377,284.5976126868657,231.32313193057783,49.92745236647559,10.256002390121504,-0.7793139783673926,-29734.864091091647,-2280.699527205445,100.0,-0.16444908863460647,-0.2501723787232918,1.53116880538029
124,True,464.42834626999206,255.53991673467192,250.75876754524836,44.29841034084383,22.89545479256715,2.649711563197449,-29609.28164764774,-2274.240719531504,100.0,-0.16375455314557272,-0.24946390517812211,1.53116880538029
115,True,318.7433072365537,291.61371551516936,276.0294299290304,47.82876697069423,13.872360336025633,4.399912009691736,-30722.515970958015,-2338.4062435848787,100.0,-0.16991131139892504,-0.25650229037221584,1.53116880538029
101,True,438.3591533471836,332.0898204662368,257.4599883803919,31.125580407350192,19.803857416445148,-1.058561967818591,-33182.21164058431,-2560.4148460194224,100.0,-0.18351469327245162,-0.28085465222679884,1.53116880538029
104,True,458.4087675689639,281.168962299938,251.38667189694328,46.6845978208838,13.365418502490268,-7.849858417944807,-30767.211275789807,-2366.972203333612,100.0,-0.17015849941778793,-0.2596357211532582,1.53116880538029
791,True,432.85614172802553,282.13068926423824,225.83913912871068,47.22539968411721,16.39496172102907,4.736139239695886,-29376.406126802445,-2252.412911622886,100.0,-0.1624666317664469,-0.24706958950362154,1.53116880538029
796,True,387.4482424675106,332.637921185617,230.29213741730183,35.95607123685988,11.587013090864543,-5.587372464038022,-31406.35659598893,-2409.718242986915,100.0,-0.17369330169870062,-0.2643245801167054,1.53116880538029
783,True,377.0144845366247,356.4702174833823,255.32673127912696,47.97339249199303,21.61847219115642,-7.370244793731722,-33511.301184884134,-2577.8268310404496,100.0,-0.1853347276762913,-0.28276459154981964,1.53116880538029
777,True,391.3478753367683,329.00725893101713,226.74184502359705,44.45147566666736,10.643353139500556,-0.9977123635877164,-31123.774740170054,-2387.7100337925926,100.0,-0.17213047872726447,-0.2619104760315742,1.53116880538029
778,True,369.0605388402721,307.0139708440806,273.41155434402015,46.16043260713607,13.86727560156066,-5.6901968490563934,-31927.23189988041,-2443.6362515744945,100.0,-0.17657400997282688,-0.2680450828785527,1.53116880538029
126,True,342.0231034289445,282.29722030692267,232.21086923504765,39.6959090805261,10.573431726088236,-5.973086117835672,-28605.55584591986,-2174.383395008585,100.0,-0.15820343332785541,-0.23851044808706356,1.53116880538029
824,True,336.6193573893222,332.7160689751931,211.2970092442759,32.437668211533584,11.95453391786024,2.115950268554011,-29957.658111205063,-2286.782925850208,100.0,-0.16568125413059298,-0.2508396732491723,1.53116880538029
813,True,371.0147599781207,300.45085026138213,265.7757133117199,47.48077228475394,20.2009017268996,-4.586699737503939,-31302.4454219341,-2393.6836272964256,100.0,-0.1731186194731515,-0.2625657259137062,1.53116880538029
816,True,361.1509424474861,335.0351083381871,242.9524647274134,31.52516924617372,16.449371071763434,-2.292971311173315,-31776.136242932993,-2434.1889595371917,100.0,-0.1757383732937578,-0.2670087992764065,1.53116880538029
806,True,446.1093558167822,330.3359539479433,226.42722485019897,43.25859028047766,19.38704275452855,4.243239096143533,-31798.789893473426,-2452.8939253360254,100.0,-0.17586365963016778,-0.2690605670485364,1.53116880538029
811,True,396.2935889502411,341.677641178894,285.9642667050108,35.27620382810155,24.38396785819292,2.8331298828153813,-34417.84054671285,-2651.448365246521,100.0,-0.1903483565063216,-0.2908402166454932,1.53116880538029
804,True,410.94504474519306,260.071493914987,243.64318448096395,40.89470164097066,18.97217303948446,2.6619598668231834,-28891.32215506157,-2206.8533812924143,100.0,-0.159783867963671,-0.2420721157284348,1.53116880538029
789,True,377.3957598507831,375.4116954699705,276.77523930386496,43.21268273452718,15.44848559527001,-4.516167336539435,-35350.30009665241,-2727.5106524154207,100.0,-0.1955053373052396,-0.2991835705530085,1.53116880538029
139,True,330.9796213052853,296.47854458961274,218.643545633493,36.188409251700335,24.75740008739843,-0.4990527082293265,-28527.122637550918,-2168.367637615257,100.0,-0.15776965735378515,-0.23785057320264372,1.53116880538029
140,True,344.0656684532256,250.37442861424603,233.54975009896663,38.196160929477706,24.947385625981543,-3.697735211647631,-27192.28979599585,-2060.641571566826,100.0,-0.15038734534452874,-0.22603398540913436,1.53116880538029
702,True,404.41198747393696,263.1276080254879,232.08592852263712,33.61395771959703,15.96807760669907,-3.474269665850679,-28440.111372913576,-2170.6723498025112,100.0,-0.15728844031755723,-0.2381033795558175,1.53116880538029
704,True,343.4322171683532,337.8149799070052,242.57858477330856,36.32864316096264,21.955681016461533,-2.104334322877894,-31677.82672676561,-2423.7414509262967,100.0,-0.1751946711168012,-0.26586280084489805,1.53116880538029
705,True,362.38939069254144,284.7445875504462,238.2160632345976,43.629648404359344,22.74323094787705,-6.793159639415456,-29232.102615407548,-2227.2248589314713,100.0,-0.16166855914492873,-0.24430668497277352,1.53116880538029
708,True,444.1056322940948,284.9711607669521,268.397799495665,48.18077977938162,17.341676070302846,-3.03533931783009,-31544.220997717068,-2425.4526547795376,100.0,-0.17445576273265367,-0.266050504631977,1.53116880538029
698,True,376.60505764150827,329.17488461628835,256.58621196753296,49.825816382670006,16.594549363382438,3.2698773824727603,-32295.14485995529,-2477.1065279502386,100.0,-0.17860875782961297,-0.27171647341358995,1.53116880538029
149,True,436.9129489383171,277.36136076538514,250.94712689765956,48.2679393747726,15.42902439141936,-9.224892181475978,-30325.86150212245,-2326.9303022000554,100.0,-0.16771760821928297,-0.25524348204604924,1.53116880538029
155,True,357.08296526337966,254.8678388221684,222.6340616134796,31.46665169780615,21.53548901689128,-5.7914295329938685,-27069.649663374887,-2053.9207206668266,100.0,-0.14970908234733593,-0.22529676806128074,1.53116880538029
156,True,358.3884123558047,269.60806986974575,246.1799574344825,36.35694330490781,13.147836582874715,3.4327983725081808,-28833.635250091655,-2193.484335884488,100.0,-0.15946482971552592,-0.24060565079034676,1.53116880538029
141,True,309.57519311164606,267.15569316347614,266.7432632210412,42.80251808491377,24.22049999555225,-2.7283599404520045,-29049.44417080871,-2202.527665175869,100.0,-0.1606583640199847,-0.24159762328537113,1.53116880538029
142,True,426.2559037567554,276.5375059474262,256.1213090202544,32.242385729871565,18.2109600497089,1.5431690711314392,-30397.752656771223,-2330.205678919339,100.0,-0.16811520327223706,-0.2556027616334319,1.53116880538029
145,True,352.3594415723262,338.7371283077547,229.9634466282943,45.68592735562632,16.73244166665678,-1.6094208534498993,-31262.332223479778,-2392.7694417888238,100.0,-0.17289677285875893,-0.2624654479242986,1.53116880538029
146,True,388.0525298960529,324.0517093090765,244.63769846459653,34.63586828879799,12.615400745330827,1.0679532928705004,-31656.41887333549,-2428.097694829265,100.0,-0.17507627467902293,-0.266340641913616,1.53116880538029
134,True,308.4301855721585,299.04315357964657,222.7105920772516,41.97820257163451,20.418385287565894,-3.517804505842978,-28556.08112581998,-2167.3932906131877,100.0,-0.15792981268489728,-0.23774369603434425,1.53116880538029
723,True,426.8364520661569,351.4003128162717,210.14280733412323,38.78907950257047,17.30983255741828,-6.213915842331256,-31828.42842252079,-2454.8169716405832,100.0,-0.1760275759364733,-0.2692715080614439,1.53116880538029
711,True,352.023684771679,346.6419516858803,246.80352289713616,38.15570386339044,22.411571988735872,-7.000543468345173,-32379.384176639116,-2482.0152333667857,100.0,-0.17907464456827163,-0.2722549145786189,1.53116880538029
714,True,400.62411640197183,291.5006816974998,264.1993987244349,47.720154651771125,19.768103539159657,-5.323819346030465,-31161.24494574625,-2386.9661666404277,100.0,-0.17233770823196576,-0.26182888044535546,1.53116880538029
715,True,325.3323743755066,268.26239639382817,218.6676787856736,34.18010326797685,10.753393465507552,-7.6147750045321025,-27137.95160580876,-2055.497130764399,100.0,-0.15008682721110309,-0.2254696861766435,1.53116880538029
157,True,392.6550497247099,333.159043586431,253.804489790044,30.121263716207324,18.781748406908086,3.588214199244126,-32544.047248598432,-2500.512180139026,100.0,-0.1799853160289694,-0.2742838645204815,1.53116880538029
160,True,371.2003294002935,352.0876383031696,250.33902913188948,42.14494470962464,16.907505325415467,-0.5844217698841785,-33016.9943153085,-2536.829631600949,100.0,-0.18260095650590644,-0.2782675647462318,1.53116880538029
162,True,403.31333000591417,252.99560839720343,211.855671425044,32.59465326111749,14.957692791135326,-7.114372466219711,-27043.45650865768,-2060.6467115647697,100.0,-0.14956422073275064,-0.2260345492210249,1.53116880538029
163,True,359.75602981025713,356.53105895925256,307.3054283901879,40.92596123229956,17.707991545985802,0.9390346322522748,-35630.27002851196,-2744.2418301594194,100.0,-0.1970537149940816,-0.30101883139518837,1.53116880538029
746,True,348.8338872987164,288.2347237335512,224.0263327292707,30.694669959692582,17.069518699449265,-9.11343362472129,-28598.017329903443,-2175.792524074823,100.0,-0.15816174145784187,-0.23866501696657785,1.53116880538029
747,True,344.1997308050176,255.25979145326943,234.05459206660163,37.513279092435525,20.578636203619023,-7.279564371668238,-27446.382125594046,-2081.026724295801,100.0,-0.15179260658612917,-0.228270054688762,1.53116880538029
734,True,420.9470741516666,331.7927193043241,298.8271953552674,41.5398382183755,23.12101005249057,1.322477193464037,-34817.064255928846,-2686.9341043978134,100.0,-0.19255626890641786,-0.2947326854553196,1.53116880538029
718,True,380.5170343067567,280.413275721728,256.5984929349708,39.75823049998152,14.061131498489946,-1.6879040861838153,-30068.343219131355,-2295.6580811844824,100.0,-0.16629339969373194,-0.2518131985623619,1.53116880538029
720,True,315.9720227225215,286.9634097003084,213.75924349742317,45.69316992957614,10.32101350037482,4.039901343474858,-27680.74628792812,-2098.69283463785,100.0,-0.15308876091817464,-0.230207869290966,1.53116880538029
721,True,485.29950539257175,268.663044125906,257.32343204512864,48.04448167566629,21.13349617245433,-5.080104649415116,-30750.371312139847,-2370.4224662634665,100.0,-0.17006536575938638,-0.2600141841967614,1.53116880538029
722,True,389.57289187704686,327.11385178810525,278.8444104000027,46.65164764814992,16.436087528645576,0.9862487136575826,-33345.87928499541,-2562.6596051852252,100.0,-0.1844198595069407,-0.28110088226870966,1.53116880538029
177,True,312.68517606989485,293.58886622434864,239.853251995611,46.12453154608045,16.820219078915695,3.435604024574681,-29121.51396062853,-2211.519886956666,100.0,-0.16105694701729215,-0.24258398974271234,1.53116880538029
638,True,494.7446899590631,265.1973972240584,229.6177921094684,46.8557547817056,24.391177425001658,-0.9369766177288952,-29450.735742659,-2270.6205409048775,100.0,-0.16287771276378138,-0.24906680389949115,1.53116880538029
640,True,431.5838785624056,353.8808330755555,214.61529447801163,41.65700824573204,10.428200484713688,4.71280366757413,-32197.845985429583,-2485.318592862503,100.0,-0.17807064502062525,-0.2726172636267789,1.53116880538029
643,True,363.9035192166537,352.4866198998305,256.77590987946,45.35855209362046,13.748985278023786,4.626976665323038,-33237.45131895003,-2553.0264695088376,100.0,-0.1838201970990668,-0.28004421327834994,1.53116880538029
629,True,374.18723903410097,264.0742611994726,210.924599621899,37.22273772016558,14.634722356950508,-4.990824765990583,-27179.115726943244,-2066.8189344916764,100.0,-0.15031448596832062,-0.22671158697773752,1.53116880538029
630,True,393.6671302934292,344.4142282056735,306.5076648755058,32.68957090165565,24.254782156068543,-1.6089161965600152,-35430.016765234424,-2732.4992480156434,100.0,-0.19594621147426688,-0.2997307749580208,1.53116880538029
631,True,397.3468298414929,285.387191613695,252.6967456521073,36.08659826911633,13.963888161183425,-5.089263862605251,-30323.127593509544,-2319.5196761657394,100.0,-0.1677024882988278,-0.2544306025234647,1.53116880538029
196,True,326.9338877221604,262.9492427384255,258.00382444273805,41.5719956975129,24.865075175171963,3.640090550865272,-28672.51302640333,-2175.0027336238845,100.0,-0.15857374096653565,-0.238578384004433,1.53116880538029
181,True,413.1533375414576,308.0351585016033,269.34707189907215,43.04746191417574,20.39819426268938,0.9834095610161704,-32307.299569800838,-2482.2419077982413,100.0,-0.17867597962523293,-0.27227977874026604,1.53116880538029
182,True,398.3861007073805,276.7124410427044,269.07178013179725,35.62468868443108,23.895987930306447,0.0796024843804055,-30662.556703767834,-2345.426231388987,100.0,-0.1695797058192117,-0.25727232036810666,1.53116880538029
184,True,449.3879279065257,287.72740358148474,230.13494621283252,42.27088907214491,15.814685342336452,-4.401639588356564,-30018.711747796475,-2307.1842957282347,100.0,-0.16601891213583989,-0.25307752140528317,1.53116880538029
186,True,353.3754665860814,257.74921057378714,250.4208180460612,47.38428067670177,23.813761440627022,-1.8498905714428329,-28407.390639976453,-2157.914020905768,100.0,-0.1571074778388157,-0.23670390476724537,1.53116880538029
173,True,411.0572813952139,277.3016586893233,274.5600460982123,30.23268516521637,12.173558758172716,-9.558606673920922,-31083.579837533096,-2381.2667083719584,100.0,-0.17190818024672813,-0.2612037007513849,1.53116880538029
174,True,363.9365149718038,285.46317609085554,242.76262688527729,35.44557143660743,13.599114390814854,-9.608915391764082,-29488.588036666144,-2247.7208423105712,100.0,-0.16308705541398266,-0.24655491138535374,1.53116880538029
176,True,371.5918761060312,269.41275818122745,210.51924391453244,47.221022357515466,21.10913368523344,-7.029207425010294,-27380.039405508567,-2082.618025877103,100.0,-0.15142569722941662,-0.22844460626695612,1.53116880538029
668,True,416.98021667481055,349.8877527837008,222.51962904687215,32.34972930118348,23.265380625800223,-1.9583935129382155,-32200.26363874008,-2481.4057201250007,100.0,-0.17808401588663383,-0.27218805641701466,1.53116880538029
653,True,306.5135381242576,284.5209310009868,249.4979884162032,48.20890633784226,18.177134509450983,-7.788585685786394,-29053.768178768274,-2204.216922930982,100.0,-0.16068227800748505,-0.24178291978139452,1.53116880538029
657,True,327.3000428800754,276.1846757011908,217.63148478314383,45.47033632300707,11.601750040853496,-5.308216049799833,-27486.994991318337,-2083.9691780010044,100.0,-0.15201721661746273,-0.22859281559344627,1.53116880538029
190,True,435.7703116224167,276.76032214356354,248.38587155890997,46.17019223268944,19.457093677319747,-7.685658403105229,-30169.88635017318,-2314.3513891512644,100.0,-0.1668549854237281,-0.2538636875743832,1.53116880538029
191,True,358.8355573579429,350.407004716468,316.6969402965822,39.94161148280498,18.53204989324697,-1.2758182172670391,-35753.9459865117,-2753.370989186273,100.0,-0.19773770663825943,-0.3020202186460068,1.53116880538029
194,True,401.4202713209893,265.5753017172524,236.89328422256932,41.37730327979222,19.61003903481544,-6.654161680081842,-28735.38532492366,-2193.3978466884573,100.0,-0.1589214571074387,-0.24059616369761636,1.53116880538029
195,True,322.7358734840449,311.9885623155525,236.5209143237333,41.84907868252144,20.77645578978206,0.5363440088430647,-29954.25955848453,-2280.872068352883,100.0,-0.16566245838645047,-0.2501913049469207,1.53116880538029
685,True,422.8560371050044,266.62559466438137,254.25471435122827,43.07763871957099,19.13081776140937,4.529556640634654,-29811.37541292342,-2282.1964332315515,100.0,-0.164872235587857,-0.2503365759517339,1.53116880538029
686,True,415.5392194430962,316.3975799938675,218.92864618140587,32.46217017628419,14.993018507109706,0.0218189185214026,-30466.364797384394,-2339.201767940338,100.0,-0.1684946636914453,-0.256589552292501,1.53116880538029
690,True,466.0420567756114,281.6897964175357,260.8664635931036,30.79129243049123,13.037877529862133,-9.636847118552277,-31302.00685197849,-2410.9107108187,100.0,-0.1731161939557763,-0.26445538319289763,1.53116880538029
691,True,390.9476614319027,330.95630473401275,246.50829654663968,48.19630707547803,24.989416544726765,2.452472005554309,-32095.098194288315,-2464.3490240543233,100.0,-0.1775023969008209,-0.27031708912024405,1.53116880538029
679,True,424.7863524898912,295.13327031339145,280.7780578779657,31.946835448313763,15.784967575945457,3.3053578303892888,-32351.55723187988,-2486.533119779546,100.0,-0.1789207472546292,-0.27275048638770627,1.53116880538029
684,True,452.4697402261384,306.08193554913413,241.7214129152677,45.65552848226401,18.063650892559345,-9.215295497946126,-31428.008010373036,-2421.1519746297536,100.0,-0.17381304515379795,-0.26557875841097534,1.53116880538029
672,True,381.0074785216382,307.86690183184146,248.5506811643941,46.63740912882359,10.251763171591886,2.019074053750648,-30995.401829363836,-2372.274127696461,100.0,-0.17142051051880783,-0.26021729492649887,1.53116880538029
666,True,411.6605705349966,327.05107085614816,287.3076415809126,34.593287114454874,24.51736870709972,-6.070776422422812,-33976.44824027456,-2617.2003717296875,100.0,-0.1879072300797223,-0.28708351748262523,1.53116880538029
201,True,373.3678001002078,344.6787504145568,252.6265724650401,41.10196305349814,24.932276743644003,-3.4092135670558834,-32800.823775857054,-2518.9247531746632,100.0,-0.1814054222638955,-0.2763035594166285,1.53116880538029
203,True,389.4819791020897,325.75565000122344,225.35460759257012,38.79933908083986,10.614806625831529,-1.9650392466146656,-30888.57289553606,-2368.3462933866535,100.0,-0.1708296915813489,-0.25978644656581207,1.53116880538029
574,True,416.0249020777893,334.8398785363148,241.30661702153952,34.14574543578973,23.088493385472702,-9.181229959096822,-32332.013878859685,-2488.8060705212215,100.0,-0.178812662462878,-0.272999808793829,1.53116880538029
575,True,405.1075850500761,283.79139504142097,215.85809185694933,47.14703291590942,12.97011182466398,-7.62989070415807,-28686.426228114753,-2192.9146910221475,100.0,-0.15865068812642258,-0.24054316583406943,1.53116880538029
577,True,398.54887605393753,270.04768593173577,243.30421212990703,46.666559429238845,22.26175336679082,-4.495347908346422,-29198.479641176156,-2229.5694058062395,100.0,-0.16148260680788093,-0.24456386083557022,1.53116880538029
571,True,323.995153804232,273.4803274493923,266.3611710483267,37.78545740751999,17.052589047677703,-8.090116743712628,-29505.13746735528,-2241.143853559297,100.0,-0.16317858227571347,-0.2458334744309827,1.53116880538029
557,True,395.9963094668893,377.6860956734274,242.6543405804248,45.141553465752345,22.77744454179973,-8.99593739819467,-34147.83225209209,-2635.8121274957257,100.0,-0.18885507179386615,-0.28912506094622736,1.53116880538029
564,True,352.78345041552734,298.46561501403284,223.12062052019567,43.3257414868619,14.22230177862043,-5.886373543197143,-29082.772181870256,-2215.777952700171,100.0,-0.1608426850590278,-0.24305106154375666,1.53116880538029
586,True,350.1136442185368,286.6889242556109,211.7812501878049,41.09715794159466,15.058221737889586,-6.172714715184034,-27991.05454565157,-2128.5569008189186,100.0,-0.15480492514956595,-0.23348369075966346,1.53116880538029
224,True,488.6170355742688,273.5852837302882,213.23211158084248,30.76827007392075,12.825650143546277,3.950299287408868,-29039.07176292966,-2238.360907026589,100.0,-0.16060099927073174,-0.24552821003922812,1.53116880538029
227,True,411.3542196903672,306.0039478524841,280.24500449493746,40.03156347438895,17.2795503816848,0.9617684710274864,-32679.368984161818,-2511.156619396173,100.0,-0.18073371481154593,-0.27545146448591795,1.53116880538029
214,True,366.14128031271616,340.0132066924952,237.4788422135008,36.4594528295032,12.490921603400896,-4.839990919030372,-31821.427785194894,-2439.4818976171982,100.0,-0.17598885881220538,-0.2675893873346383,1.53116880538029
197,True,439.08950035484855,336.1499843984062,240.00790838912053,32.184421030375134,24.196367717357887,-1.987016677044167,-32597.617287832334,-2515.0723604782224,100.0,-0.18028158589262666,-0.2758809863274738,1.53116880538029
200,True,344.34317516792544,305.2158197769914,227.41256129887373,44.07723225203756,22.49088052466241,-5.024540586188089,-29489.363581403497,-2247.029756258725,100.0,-0.16309134457517951,-0.2464791054146721,1.53116880538029
609,True,357.20090610274127,324.93895166507986,292.53617123170727,44.10497024395247,12.154775769613147,-3.8675702683466575,-33475.54106466156,-2567.0614619158323,100.0,-0.1851369558229527,-0.2815837266574418,1.53116880538029
612,True,378.6585257767456,309.5040100421461,308.82595877270046,49.49548237229179,12.504105645161244,-8.749950955130654,-33737.17879504216,-2589.977056150128,100.0,-0.18658394701086287,-0.28409736278138836,1.53116880538029
603,True,378.5645645548152,347.17992045743665,332.38206708640985,49.73048836605034,23.62729697996368,-2.1353823109728385,-36534.10325216936,-2819.4212182916153,100.0,-0.20205237748847885,-0.30926533915986454,1.53116880538029
604,True,355.2746132593044,275.4203653908442,217.54105172127365,36.90683776624212,23.45476478806905,-0.6855846793479952,-27783.072354765838,-2111.6840326738948,100.0,-0.153654676685722,-0.23163288774533689,1.53116880538029
593,True,452.87997706708927,268.02443438911314,242.35737957932145,38.01379817346423,12.636475692151295,3.874843355351864,-29686.433942021296,-2279.1951464145823,100.0,-0.16418124500657913,-0.2500073615798819,1.53116880538029
594,True,345.9296391403574,273.2762293084036,223.15945322419535,34.83963216624818,11.062269193833224,-1.528066770433906,-27823.56874949699,-2112.901388101442,100.0,-0.15387864257257197,-0.23176642076861698,1.53116880538029
582,True,428.1338325284204,345.971059692092,211.6395545832793,38.87472589052794,22.47886526632071,2.00090903771174,-31658.027999903334,-2440.678664208408,100.0,-0.1750851739763854,-0.2677206619463652,1.53116880538029
584,True,430.1576414086304,337.1664724234979,243.5750527410787,48.826422961700025,10.393649067085676,1.3982073027654651,-32703.181808183297,-2521.5571446877034,100.0,-0.1808654119733743,-0.27659230926670414,1.53116880538029
621,True,441.1657819509185,278.63864104654976,267.51173502772446,40.73878491469578,23.46654613582504,-6.2715789966928135,-31175.594258215522,-2394.914208685242,100.0,-0.17241706730859968,-0.26270070970687165,1.53116880538029
625,True,329.093765549746,290.06620465514123,250.23335644067328,34.63820014981084,18.43583524946077,-7.969889025697433,-29621.262523626938,-2252.8540337234745,100.0,-0.16382081355052322,-0.24711797666023522,1.53116880538029
628,True,400.5531187623132,355.1376213859242,266.4074591772311,49.576378626859125,22.8569365847434,-4.435629859629574,-34218.26263590041,-2638.3642179634126,100.0,-0.18924458803291747,-0.28940500248846135,1.53116880538029
615,True,409.7755270289945,260.19199358388903,250.71573485118316,32.7995384400106,11.394804873450598,1.5948903145697244,-29200.696975859617,-2230.8500974611857,100.0,-0.1614948698088745,-0.2447043412776044,1.53116880538029
618,True,343.1382726875487,300.2885676502242,256.26619021634684,42.75934513004444,24.32728804884448,1.004647704198158,-30538.031555203583,-2328.529687144704,100.0,-0.16889101771454282,-0.2554189202970438,1.53116880538029
238,True,388.9635104949562,335.21155303001416,218.72676343978156,45.746962446815374,11.951123103500883,1.566052763833884,-31025.38807339096,-2380.6230748692137,100.0,-0.17158634986775284,-0.261133099901739,1.53116880538029
240,True,362.57030850458335,346.1951823599958,314.31814339814264,44.15289092808392,13.26611391555679,-4.663728880147165,-35496.79157185878,-2732.708449252905,100.0,-0.19631551049172624,-0.29975372246624504,1.53116880538029
231,True,374.24908903440496,309.65618742833607,279.0088650366177,43.46233157062066,22.43270555184566,-7.355654926728015,-32361.199329675626,-2479.3137709890516,100.0,-0.17897407301358267,-0.27195858827127,1.53116880538029
233,True,388.1966227822726,344.0781027925799,254.5990866809441,41.26082523995608,15.681647833296534,-2.690432169290819,-33034.49629953555,-2540.151881346443,100.0,-0.18269775147852238,-0.2786319858861623,1.53116880538029
235,True,348.54587231828214,295.5673388508602,235.96521152533887,44.38946474284158,23.529392927144485,-0.3962768791457023,-29472.625456767135,-2245.088381175502,100.0,-0.16299877413889063,-0.24626615389836298,1.53116880538029
511,True,413.9164341078661,298.7894127215534,262.2777600562318,42.30337222520231,10.263875287542705,3.1223972803677515,-31569.6757886465,-2422.820989898228,100.0,-0.1745965408158124,-0.26576183448691565,1.53116880538029
513,True,353.2798282772549,346.58837518035494,233.3220385728917,30.98591178632296,13.022178255679664,-9.23355663069471,-31788.905764748644,-2435.6823974146014,100.0,-0.17580899531572,-0.2671726160798961,1.53116880538029
514,True,423.84095696883855,334.655102817031,261.8743308823076,33.30803695568567,22.025375055255427,-3.4476193580022088,-33333.0726693569,-2569.5870606213703,100.0,-0.1843490323370638,-0.2818607622898554,1.53116880538029
518,True,416.3852558367167,271.7601004651301,269.37779872469525,47.27411678790132,24.977115142206017,0.9377106204175618,-30654.281688562452,-2347.8037022463063,100.0,-0.16953394072996178,-0.2575331076978825,1.53116880538029
522,True,399.4260221754624,286.8733563229082,237.6747922210208,41.22865734330777,23.05838909485244,-3.664229196027028,-29742.90258040147,-2274.5784094708756,100.0,-0.164493545614028,-0.24950094674997136,1.53116880538029
524,True,346.5475575609838,325.64348238896514,223.06992582975272,45.17562040516188,23.332334408076782,-6.160081284699365,-30274.521427784784,-2312.0792631618738,100.0,-0.1674336712081906,-0.2536144556362237,1.53116880538029
254,True,366.3932567126655,337.724327389229,225.0877955128765,35.145751157865355,16.9968245356469,-3.2672633535411317,-31163.039353541495,-2387.407013475317,100.0,-0.17234763222979074,-0.2618772374077792,1.53116880538029
260,True,443.849132335522,326.0789992122008,270.119120480534,40.50916076445298,21.904041830001084,-8.859719251163984,-33530.48269237958,-2588.2922233833515,100.0,-0.18544081127622303,-0.2839125516670844,1.53116880538029
245,True,409.6819209368932,264.68332836082004,241.6386289888246,47.62895495413558,21.57019815415525,2.349022699354732,-29002.368717991973,-2215.826206382924,100.0,-0.16039801255884945,-0.24305635454200233,1.53116880538029
251,True,388.6464586761414,316.2855221489774,261.3608326086154,45.716393279895584,12.90805220185523,0.909659591777535,-32050.158154879216,-2458.155776984881,100.0,-0.1772538553738985,-0.26963774520277417,1.53116880538029
536,True,426.5431868085432,351.57439022544804,223.76937333783488,37.767336028021205,14.489597478428236,1.1741032625707053,-32443.791811659143,-2502.9864337530084,100.0,-0.1794308519095161,-0.27455526805470026,1.53116880538029
537,True,320.7789498463105,296.3678466837545,244.68194999692605,30.947887215274587,14.481119046672204,1.0288876595222227,-29566.540372172953,-2248.034990400329,100.0,-0.1635181719138517,-0.24658937062645442,1.53116880538029
539,True,479.5286852506104,269.0414306077655,248.34709841460167,43.17731437682709,19.605277494602877,-2.6451950367375705,-30301.499064932832,-2333.8199106862326,100.0,-0.16758287141401368,-0.25599921059463676,1.53116880538029
540,True,352.46943853740714,333.3083724841956,333.2176304099214,48.01680134476311,24.503788502498598,-9.539372906793094,-35620.91849575279,-2739.9251217708647,100.0,-0.19700199620919426,-0.3005453270194749,1.53116880538029
526,True,359.97057510244304,342.8287979996819,242.46870030713,44.87573478140541,21.01533896964585,0.7566181547775948,-32102.480082457725,-2460.9625626642114,100.0,-0.17754322253829963,-0.2699456245361052,1.53116880538029
527,True,349.4990008341907,277.7823570018404,211.1185336882801,30.861282862186776,17.852808304477986,-5.234518564921361,-27536.815201317007,-2091.897899371792,100.0,-0.1522927479972184,-0.2294625255494941,1.53116880538029
529,True,387.100066234805,335.4176896527791,297.1069219031838,35.98022614760869,14.777090092251573,-0.1380446816347404,-34517.74870220929,-2656.913187596299,100.0,-0.19090089998081747,-0.2914396588737377,1.53116880538029
531,True,384.8658280761994,256.5739788062305,236.22127237562188,49.88320576318847,24.60943783687067,-2.4060163001690835,-28089.28405433772,-2138.6017439902334,100.0,-0.15534818484401003,-0.23458552038697494,1.53116880538029
549,True,459.489297226302,288.2883465540364,230.79324763197823,39.61426559872714,17.578354631829168,-0.3774106508532338,-30188.368299143873,-2322.916036949545,100.0,-0.16695720010529216,-0.2548031529827215,1.53116880538029
551,True,364.87260660648656,353.6644022411058,281.2591234243108,30.68561256081648,21.485940999732705,1.3638075508874028,-34396.81059218276,-2645.7153405509926,100.0,-0.19023205004378302,-0.290211355014116,1.53116880538029
553,True,370.12006103276696,352.5171854710133,287.5394973885221,36.55289788434393,20.922213695716195,-3.799624478476318,-34685.30743971499,-2669.5474271999115,100.0,-0.19182758596099092,-0.2928255221745771,1.53116880538029
555,True,416.815596624186,279.4142332518272,269.53780120941167,39.20222485226768,10.681642979208563,-7.454906928785995,-31024.010700705636,-2377.9381495668003,100.0,-0.1715787322885328,-0.26083858756392914,1.53116880538029
545,True,393.21941506954187,276.6324711423275,225.64047177917053,47.06963939604003,21.840798524601134,-5.477773955047301,-28651.90566551807,-2186.699687376361,100.0,-0.15845977166415834,-0.23986143541439178,1.53116880538029
547,True,308.50365807675,280.5473044040077,235.39402386960268,44.46896456254507,18.790507025319226,2.576185553148438,-28259.84788548223,-2141.835835865128,100.0,-0.15629149053728023,-0.23494027139547072,1.53116880538029
